{
  "type": "minecraft:crafting_shapeless",
  "category": "building",
  "ingredients": [
    {
      "item": "minecraft:packed_ice"
    },
    {
      "item": "minecraft:packed_ice"
    },
    {
      "item": "minecraft:packed_ice"
    },
    {
      "item": "minecraft:packed_ice"
    },
    {
      "item": "minecraft:packed_ice"
    },
    {
      "item": "minecraft:packed_ice"
    },
    {
      "item": "minecraft:packed_ice"
    },
    {
      "item": "minecraft:packed_ice"
    },
    {
      "item": "minecraft:packed_ice"
    }
  ],
  "result": {
    "count": 1,
    "id": "minecraft:blue_ice"
  }
}