{
  "type": "minecraft:crafting_shapeless",
  "category": "building",
  "group": "bed",
  "ingredients": [
    {
      "item": "minecraft:green_dye"
    },
    [
      {
        "item": "minecraft:black_bed"
      },
      {
        "item": "minecraft:blue_bed"
      },
      {
        "item": "minecraft:brown_bed"
      },
      {
        "item": "minecraft:cyan_bed"
      },
      {
        "item": "minecraft:gray_bed"
      },
      {
        "item": "minecraft:light_blue_bed"
      },
      {
        "item": "minecraft:light_gray_bed"
      },
      {
        "item": "minecraft:lime_bed"
      },
      {
        "item": "minecraft:magenta_bed"
      },
      {
        "item": "minecraft:orange_bed"
      },
      {
        "item": "minecraft:pink_bed"
      },
      {
        "item": "minecraft:purple_bed"
      },
      {
        "item": "minecraft:red_bed"
      },
      {
        "item": "minecraft:yellow_bed"
      },
      {
        "item": "minecraft:white_bed"
      }
    ]
  ],
  "result": {
    "count": 1,
    "id": "minecraft:green_bed"
  }
}