{
  "type": "goldupgrades:environmental_shapeless",
  "dimension": "NETHER",
  "ingredients": [
    {
      "item": "goldupgrades:fire_base_gold_chestplate"
    },
    {
      "item": "minecraft:magma_cream"
    },
    {
      "item": "minecraft:magma_cream"
    },
    {
      "item": "minecraft:magma_cream"
    },
    {
      "item": "minecraft:magma_cream"
    },
    {
      "item": "minecraft:magma_cream"
    },
    {
      "item": "minecraft:magma_cream"
    }
  ],
  "result": {
    "item": "goldupgrades:fire_upgraded_gold_chestplate"
  }
}