{
  "type": "goldupgrades:environmental_shapeless",
  "weather": "THUNDERING",
  
  "ingredients": [
    {
      "item": "goldupgrades:storm_base_gold_chestplate"
    },
    {
      "item": "minecraft:obsidian"
    },
    {
      "item": "minecraft:obsidian"
    },
    {
      "item": "minecraft:obsidian"
    },
    {
      "item": "minecraft:obsidian"
    },
    {
      "item": "minecraft:obsidian"
    },
    {
      "item": "minecraft:obsidian"
    }
  ],
  "result": {
    "item": "goldupgrades:storm_upgraded_gold_chestplate"
  }
}