{
  "type": "goldupgrades:environmental_shapeless",
  "ingredients": [
    {
      "item": "minecraft:golden_chestplate"
    },
    {
      "item": "minecraft:honeycomb"
    },
    {
      "item": "minecraft:honeycomb"
    },
    {
      "item": "minecraft:honeycomb"
    },
    {
      "item": "minecraft:honeycomb"
    },
    {
      "item": "minecraft:honeycomb"
    },
    {
      "item": "minecraft:honeycomb"
    }
  ],
  "result": {
    "item": "goldupgrades:storm_base_gold_chestplate"
  }
}